Dataset,Method_1,Method_2,Mean_1,Mean_2,Wilcoxon_stat,Wilcoxon_p,TTest_stat,TTest_p,Cohens_d,N
ASCAD v1 (ID),MAML,ProtoNet,109.0,195.1,4.0,0.013671875,-3.7635750693607597,0.004460372587184679,-1.1901469364189736,10
ASCAD v1 (ID),MAML,Siamese,109.0,176.3,6.0,0.02734375,-2.5364221530976594,0.03189748257946636,-0.802087111148735,10
ASCAD v1 (ID),ProtoNet,Siamese,195.1,176.3,17.0,0.322265625,1.086795987285047,0.3053753091621533,0.34367506717458596,10
